{"mse": 0.818613004177243, "r2": 0.18210380626090494}